{"stats":{"minecraft:mined":{"noel:gold_ornament":1,"noel:peppermint_fence_gate":3,"noel:stocking":3,"noel:peppermint_stairs":3,"noel:present_trap":6,"noel:wall_candle":2,"noel:peppermint_slab":3,"minecraft:oak_trapdoor":1,"noel:peppermint_planks":1,"noel:peppermint_log":2,"noel:cyan_ornament":1,"noel:brown_ornament":2,"noel:spirit_ore":1,"noel:advent_calendar":4,"noel:peppermint_wall":4,"noel:frosted_fence":1,"noel:present":44,"noel:redstone_ornament":1,"noel:peppermint_fence":4,"noel:lapis_ornament":1,"noel:stone_path":3,"noel:iron_ornament":1,"noel:peppermint_door":3,"noel:peppermint_button":3,"noel:black_ornament":8,"noel:peppermint_trapdoor":1,"noel:frosted_trapdoor":2,"noel:peppermint_pressure_plate":2,"noel:frosted_door":3,"noel:blue_ornament":1,"noel:light_blue_ornament":1,"noel:gray_ornament":2},"minecraft:dropped":{"noel:spirit_ore":1},"minecraft:used":{"minecraft:oak_trapdoor":1,"minecraft:oak_fence":2,"noel:shrub_tree":24,"noel:frosted_slab":38,"noel:green_ornament":4,"noel:stocking":34,"minecraft:armor_stand":2,"minecraft:redstone":1,"noel:orange_ornament":4,"minecraft:oak_sign":3,"noel:warm_milk":2,"minecraft:spruce_planks":88,"noel:spirit_ore":13,"minecraft:nether_wart":2,"noel:peppermint_planks":25,"noel:blue_ornament":10,"noel:coal_ornament":10,"minecraft:spruce_leaves":2,"noel:frosted_button":7,"noel:advent_calendar":71,"minecraft:torch":6,"minecraft:soul_sand":1,"minecraft:dirt":8,"noel:peppermint_fence":27,"noel:light_blue_ornament":8,"minecraft:spruce_stairs":1,"noel:redstone_ornament":10,"minecraft:cobblestone_wall":2,"noel:frosted_pressure_plate":6,"noel:peppermint_log":61,"minecraft:milk_bucket":1,"noel:kettle":102,"minecraft:honey_bottle":4,"noel:peppermint_pressure_plate":10,"noel:lime_ornament":29,"noel:red_ornament":26,"minecraft:grass_block":41,"noel:diamond_ornament":6,"minecraft:lantern":7,"noel:wreath":16,"minecraft:iron_axe":5,"noel:peppermint_trapdoor":18,"noel:brown_ornament":16,"noel:ribbon":21,"noel:frosted_fence_gate":3,"minecraft:bamboo":2,"noel:magenta_ornament":4,"noel:emerald_ornament":7,"noel:peppermint_candy":2,"minecraft:snow":2,"minecraft:furnace":1,"noel:frosted_log":33,"noel:present_trap":19,"noel:iron_ornament":9,"minecraft:stripped_spruce_wood":13,"noel:light_gray_ornament":4,"noel:frosted_planks":28,"minecraft:water_bucket":10,"noel:cyan_ornament":5,"noel:black_ornament":29,"noel:donation_booth":56,"minecraft:snow_block":11,"noel:yellow_ornament":4,"noel:glass_ornament":10,"noel:peppermint_wall":10,"noel:peppermint_button":5,"noel:gray_ornament":6,"noel:frosted_trapdoor":24,"minecraft:diamond_axe":34,"noel:frosted_door":21,"minecraft:oak_leaves":2,"noel:peppermint_door":20,"noel:peppermint_stairs":26,"minecraft:crafting_table":1,"minecraft:blue_ice":2,"minecraft:campfire":8,"noel:glowstone_star":19,"noel:mug_milk":2,"minecraft:flower_pot":1,"minecraft:diamond_pickaxe":3,"noel:white_ornament":4,"noel:frosted_stairs":61,"noel:present":174,"noel:gold_ornament":14,"minecraft:iron_pickaxe":8,"minecraft:netherite_axe":6,"minecraft:red_terracotta":2,"noel:purple_ornament":4,"noel:candle":283,"minecraft:spruce_sapling":5,"noel:peppermint_fence_gate":8,"minecraft:nether_wart_block":2,"noel:stone_path":286,"noel:hot_chocolate":11,"minecraft:cobblestone":1,"minecraft:potion":1,"minecraft:grindstone":8,"noel:peppermint_slab":20,"minecraft:grass_path":3,"noel:pink_ornament":4,"noel:gold_star":19,"minecraft:sea_pickle":2,"minecraft:coarse_dirt":16,"noel:lapis_ornament":7,"noel:frosted_fence":94,"minecraft:bone_meal":23,"noel:candy_cane":1},"minecraft:custom":{"minecraft:interact_with_crafting_table":1,"minecraft:bell_ring":1,"minecraft:leave_game":195,"minecraft:time_since_death":908683,"minecraft:sprint_one_cm":49355,"minecraft:walk_one_cm":404976,"minecraft:drop":2,"minecraft:sneak_time":13395,"minecraft:walk_under_water_one_cm":190,"minecraft:jump":398,"minecraft:walk_on_water_one_cm":3215,"minecraft:play_one_minute":908683,"minecraft:time_since_rest":908683,"minecraft:damage_taken":10,"minecraft:fly_one_cm":203142,"minecraft:crouch_one_cm":21450,"minecraft:fall_one_cm":209},"minecraft:picked_up":{"minecraft:charcoal":56,"noel:peppermint_log":2,"noel:frosted_button":1,"minecraft:oak_trapdoor":1,"minecraft:red_bed":1,"noel:peppermint_fence_gate":2,"noel:peppermint_wall":1,"minecraft:gold_nugget":27,"noel:peppermint_fence":3,"noel:frosted_log":7,"minecraft:iron_nugget":45,"noel:frosted_door":13,"noel:spirit_ore":1,"minecraft:torch":1,"noel:stocking":3,"noel:advent_calendar":2,"noel:brown_ornament":1,"minecraft:rotten_flesh":2,"minecraft:beetroot_seeds":4,"minecraft:gold_ingot":114,"minecraft:snowball":3,"noel:peppermint_button":2,"noel:stone_path":1,"minecraft:potato":10,"noel:light_blue_ornament":1,"noel:peppermint_door":15,"minecraft:iron_ingot":9,"noel:frosted_trapdoor":4,"noel:frosted_fence":5,"noel:candle":8,"minecraft:diamond":1298,"noel:peppermint_planks":1,"minecraft:blue_ice":2,"noel:black_ornament":1,"minecraft:emerald":3,"minecraft:bread":4}},"DataVersion":2580}