{"stats":{"minecraft:picked_up":{"minecraft:charcoal":15,"minecraft:flower_pot":1,"minecraft:tripwire_hook":1,"noel:candy_cane":6,"noel:spirit":1,"noel:red_ornament":1,"noel:peppermint_fence_gate":1,"minecraft:gold_nugget":15,"noel:orange_ornament":1,"minecraft:iron_ingot":3,"minecraft:iron_nugget":5,"noel:frosted_door":1,"noel:advent_calendar":1,"minecraft:diamond":19,"minecraft:gold_ingot":2,"minecraft:cobblestone":2},"minecraft:custom":{"minecraft:mob_kills":6,"minecraft:interact_with_crafting_table":19,"minecraft:play_one_minute":267010,"minecraft:leave_game":50,"minecraft:time_since_death":267010,"minecraft:time_since_rest":267010,"minecraft:sprint_one_cm":15554,"minecraft:walk_one_cm":139365,"minecraft:damage_dealt":1288,"minecraft:fly_one_cm":70149,"minecraft:crouch_one_cm":4327,"minecraft:sneak_time":1414,"minecraft:walk_under_water_one_cm":312,"minecraft:jump":75,"minecraft:walk_on_water_one_cm":856},"minecraft:used":{"noel:shrub_tree":1,"minecraft:water_bucket":41,"minecraft:netherite_sword":11,"minecraft:enchanting_table":1,"noel:donation_booth":11,"noel:peppermint_wall":31,"minecraft:ladder":2,"noel:light_gray_stocking":1,"noel:orange_ornament":1,"noel:light_blue_stocking":2,"minecraft:chest":1,"noel:frosted_trapdoor":1,"noel:gray_ornament":1,"noel:blue_stocking":2,"noel:yellow_stocking":2,"minecraft:vex_spawn_egg":4,"minecraft:stonecutter":1,"noel:green_stocking":3,"minecraft:vindicator_spawn_egg":1,"noel:frosted_door":2,"noel:orange_stocking":2,"minecraft:oak_door":13,"noel:advent_calendar":11,"noel:peppermint_door":18,"noel:peppermint_fence":26,"noel:peppermint_stairs":2,"minecraft:crafting_table":1,"minecraft:oak_slab":5,"noel:redstone_ornament":2,"minecraft:campfire":1,"noel:kettle":3,"minecraft:flower_pot":2,"noel:red_ornament":2,"minecraft:villager_spawn_egg":13,"noel:frosted_stairs":3,"noel:present":149,"noel:wreath":7,"noel:brown_stocking":2,"minecraft:grass_block":7,"noel:white_stocking":1,"noel:purple_stocking":2,"noel:lime_stocking":2,"noel:brown_ornament":1,"noel:gray_stocking":2,"noel:candle":1,"noel:ribbon":1,"noel:peppermint_fence_gate":4,"noel:frosted_fence_gate":3,"minecraft:evoker_spawn_egg":1,"minecraft:tripwire_hook":1,"noel:stone_path":3,"minecraft:scaffolding":1,"minecraft:grindstone":1,"noel:pink_stocking":5,"minecraft:warped_fence_gate":1,"minecraft:chain":5,"minecraft:smooth_stone_slab":1,"noel:gold_star":1,"minecraft:sea_pickle":1,"minecraft:crimson_pressure_plate":1,"minecraft:stone_pressure_plate":1,"noel:magenta_stocking":3,"noel:frosted_fence":2,"noel:red_stocking":1,"minecraft:seagrass":1,"noel:present_trap":1,"noel:cyan_stocking":2,"noel:candy_cane":1,"minecraft:stripped_spruce_wood":1,"noel:black_stocking":2},"minecraft:crafted":{"noel:frosted_door":3,"noel:peppermint_door":6,"noel:peppermint_planks":8,"noel:frosted_trapdoor":2,"noel:frosted_stairs":6,"noel:frosted_slab":6,"noel:peppermint_helmet":1,"noel:candle":4,"noel:peppermint_slab":6,"noel:frosted_pressure_plate":1,"noel:frosted_button":1,"noel:peppermint_chestplate":1,"noel:peppermint_boots":1,"noel:peppermint_leggings":1},"minecraft:mined":{"noel:present":9},"minecraft:killed":{"noel:elf":6}},"DataVersion":2580}