{"stats":{"minecraft:mined":{"noel:peppermint_wall":4,"noel:gold_ornament":1,"noel:peppermint_fence_gate":3,"noel:frosted_fence":1,"noel:stocking":3,"noel:peppermint_stairs":3,"noel:present_trap":6,"noel:present":44,"noel:wall_candle":2,"noel:peppermint_slab":3,"noel:redstone_ornament":1,"minecraft:oak_trapdoor":1,"noel:peppermint_fence":4,"noel:peppermint_planks":1,"noel:peppermint_log":2,"noel:lapis_ornament":1,"noel:cyan_ornament":1,"noel:iron_ornament":1,"noel:stone_path":3,"noel:peppermint_button":3,"noel:black_ornament":8,"noel:peppermint_trapdoor":1,"noel:frosted_trapdoor":2,"noel:brown_ornament":2,"noel:peppermint_pressure_plate":2,"noel:gray_ornament":2,"noel:spirit_ore":1,"noel:light_blue_ornament":1,"noel:blue_ornament":1,"noel:advent_calendar":4},"minecraft:dropped":{"noel:spirit_ore":1},"minecraft:used":{"noel:light_gray_ornament":4,"minecraft:oak_fence":2,"minecraft:oak_trapdoor":1,"minecraft:water_bucket":10,"noel:shrub_tree":24,"noel:frosted_planks":28,"noel:frosted_slab":38,"noel:cyan_ornament":5,"noel:black_ornament":29,"noel:donation_booth":56,"noel:green_ornament":4,"minecraft:snow_block":11,"noel:yellow_ornament":4,"noel:glass_ornament":10,"minecraft:armor_stand":2,"noel:stocking":34,"noel:peppermint_wall":10,"minecraft:redstone":1,"minecraft:oak_sign":3,"noel:orange_ornament":4,"noel:peppermint_button":5,"minecraft:spruce_planks":88,"noel:warm_milk":2,"noel:frosted_trapdoor":24,"noel:blue_ornament":10,"noel:spirit_ore":13,"minecraft:nether_wart":2,"noel:gray_ornament":6,"noel:peppermint_planks":25,"minecraft:diamond_axe":34,"noel:frosted_door":18,"noel:coal_ornament":10,"minecraft:oak_leaves":2,"minecraft:spruce_leaves":2,"noel:frosted_button":7,"noel:advent_calendar":71,"minecraft:torch":6,"noel:peppermint_door":17,"minecraft:dirt":8,"minecraft:soul_sand":1,"noel:peppermint_fence":27,"noel:peppermint_stairs":26,"minecraft:crafting_table":1,"noel:light_blue_ornament":8,"minecraft:spruce_stairs":1,"noel:redstone_ornament":10,"minecraft:blue_ice":2,"minecraft:cobblestone_wall":2,"minecraft:campfire":8,"noel:frosted_pressure_plate":6,"noel:peppermint_log":61,"noel:glowstone_star":19,"minecraft:milk_bucket":1,"noel:kettle":102,"minecraft:honey_bottle":4,"noel:mug_milk":2,"noel:peppermint_pressure_plate":10,"minecraft:flower_pot":1,"noel:lime_ornament":29,"noel:white_ornament":4,"minecraft:diamond_pickaxe":3,"noel:red_ornament":26,"minecraft:iron_axe":5,"noel:frosted_stairs":61,"noel:diamond_ornament":6,"noel:wreath":16,"minecraft:lantern":7,"noel:present":174,"noel:gold_ornament":14,"minecraft:grass_block":41,"noel:peppermint_trapdoor":18,"minecraft:iron_pickaxe":8,"minecraft:red_terracotta":2,"noel:purple_ornament":4,"noel:brown_ornament":16,"noel:ribbon":21,"noel:candle":282,"minecraft:spruce_sapling":5,"noel:peppermint_fence_gate":8,"noel:frosted_fence_gate":3,"minecraft:bamboo":2,"noel:magenta_ornament":4,"minecraft:cobblestone":1,"noel:stone_path":286,"minecraft:potion":1,"minecraft:nether_wart_block":2,"noel:emerald_ornament":7,"minecraft:snow":2,"noel:peppermint_candy":2,"noel:hot_chocolate":11,"noel:iron_ornament":9,"noel:peppermint_slab":20,"minecraft:furnace":1,"minecraft:grindstone":8,"noel:frosted_log":33,"minecraft:sea_pickle":2,"noel:pink_ornament":4,"noel:lapis_ornament":7,"minecraft:grass_path":3,"noel:gold_star":19,"minecraft:coarse_dirt":16,"noel:frosted_fence":94,"noel:present_trap":19,"minecraft:stripped_spruce_wood":13,"minecraft:bone_meal":23,"noel:candy_cane":1},"minecraft:custom":{"minecraft:interact_with_crafting_table":1,"minecraft:play_one_minute":907627,"minecraft:bell_ring":1,"minecraft:leave_game":193,"minecraft:time_since_death":907627,"minecraft:time_since_rest":907627,"minecraft:sprint_one_cm":49355,"minecraft:damage_taken":10,"minecraft:walk_one_cm":403389,"minecraft:drop":2,"minecraft:fly_one_cm":203142,"minecraft:crouch_one_cm":21450,"minecraft:sneak_time":13395,"minecraft:walk_under_water_one_cm":190,"minecraft:jump":398,"minecraft:walk_on_water_one_cm":3215,"minecraft:fall_one_cm":209},"minecraft:picked_up":{"noel:peppermint_button":2,"minecraft:charcoal":56,"noel:stone_path":1,"noel:peppermint_log":2,"minecraft:potato":10,"noel:light_blue_ornament":1,"noel:frosted_button":1,"minecraft:oak_trapdoor":1,"minecraft:red_bed":1,"noel:peppermint_fence_gate":2,"noel:peppermint_door":10,"minecraft:gold_nugget":27,"noel:peppermint_wall":1,"minecraft:iron_ingot":9,"noel:peppermint_fence":3,"noel:frosted_trapdoor":4,"noel:frosted_log":7,"minecraft:iron_nugget":45,"noel:frosted_fence":5,"noel:frosted_door":8,"noel:spirit_ore":1,"minecraft:torch":1,"noel:stocking":3,"noel:candle":8,"noel:advent_calendar":2,"noel:brown_ornament":1,"minecraft:rotten_flesh":2,"minecraft:diamond":1298,"minecraft:beetroot_seeds":4,"noel:peppermint_planks":1,"minecraft:blue_ice":2,"minecraft:bread":4,"noel:black_ornament":1,"minecraft:gold_ingot":114,"minecraft:emerald":3,"minecraft:snowball":3}},"DataVersion":2230}